entity,metric_name,period,value,unit,currency,extraction_confidence,source_url,retrieved_at
China,mirror_exports_de_hs8486_eur,2023-07,55840139.0,EUR,EUR,1.0,https://ec.europa.eu/eurostat/api/comext/dissemination/statistics/1.0/data/DS-045409?format=JSON&freq=M&reporter=DE&partner=CN&product=8486&flow=2&indicators=VALUE_IN_EUROS&sinceTimePeriod=2023-07,2026-07-09T16:19:11Z
China,mirror_exports_de_hs8486_eur,2023-08,54428352.0,EUR,EUR,1.0,https://ec.europa.eu/eurostat/api/comext/dissemination/statistics/1.0/data/DS-045409?format=JSON&freq=M&reporter=DE&partner=CN&product=8486&flow=2&indicators=VALUE_IN_EUROS&sinceTimePeriod=2023-07,2026-07-09T16:19:11Z
China,mirror_exports_de_hs8486_eur,2023-09,63985070.0,EUR,EUR,1.0,https://ec.europa.eu/eurostat/api/comext/dissemination/statistics/1.0/data/DS-045409?format=JSON&freq=M&reporter=DE&partner=CN&product=8486&flow=2&indicators=VALUE_IN_EUROS&sinceTimePeriod=2023-07,2026-07-09T16:19:11Z
China,mirror_exports_de_hs8486_eur,2023-10,67877518.0,EUR,EUR,1.0,https://ec.europa.eu/eurostat/api/comext/dissemination/statistics/1.0/data/DS-045409?format=JSON&freq=M&reporter=DE&partner=CN&product=8486&flow=2&indicators=VALUE_IN_EUROS&sinceTimePeriod=2023-07,2026-07-09T16:19:11Z
China,mirror_exports_de_hs8486_eur,2023-11,59232308.0,EUR,EUR,1.0,https://ec.europa.eu/eurostat/api/comext/dissemination/statistics/1.0/data/DS-045409?format=JSON&freq=M&reporter=DE&partner=CN&product=8486&flow=2&indicators=VALUE_IN_EUROS&sinceTimePeriod=2023-07,2026-07-09T16:19:11Z
China,mirror_exports_de_hs8486_eur,2023-12,130004408.0,EUR,EUR,1.0,https://ec.europa.eu/eurostat/api/comext/dissemination/statistics/1.0/data/DS-045409?format=JSON&freq=M&reporter=DE&partner=CN&product=8486&flow=2&indicators=VALUE_IN_EUROS&sinceTimePeriod=2023-07,2026-07-09T16:19:11Z
China,mirror_exports_de_hs8486_eur,2024-01,45772290.0,EUR,EUR,1.0,https://ec.europa.eu/eurostat/api/comext/dissemination/statistics/1.0/data/DS-045409?format=JSON&freq=M&reporter=DE&partner=CN&product=8486&flow=2&indicators=VALUE_IN_EUROS&sinceTimePeriod=2023-07,2026-07-09T16:19:11Z
China,mirror_exports_de_hs8486_eur,2024-02,64347538.0,EUR,EUR,1.0,https://ec.europa.eu/eurostat/api/comext/dissemination/statistics/1.0/data/DS-045409?format=JSON&freq=M&reporter=DE&partner=CN&product=8486&flow=2&indicators=VALUE_IN_EUROS&sinceTimePeriod=2023-07,2026-07-09T16:19:11Z
China,mirror_exports_de_hs8486_eur,2024-03,103060301.0,EUR,EUR,1.0,https://ec.europa.eu/eurostat/api/comext/dissemination/statistics/1.0/data/DS-045409?format=JSON&freq=M&reporter=DE&partner=CN&product=8486&flow=2&indicators=VALUE_IN_EUROS&sinceTimePeriod=2023-07,2026-07-09T16:19:11Z
China,mirror_exports_de_hs8486_eur,2024-04,69687433.0,EUR,EUR,1.0,https://ec.europa.eu/eurostat/api/comext/dissemination/statistics/1.0/data/DS-045409?format=JSON&freq=M&reporter=DE&partner=CN&product=8486&flow=2&indicators=VALUE_IN_EUROS&sinceTimePeriod=2023-07,2026-07-09T16:19:11Z
China,mirror_exports_de_hs8486_eur,2024-05,76287336.0,EUR,EUR,1.0,https://ec.europa.eu/eurostat/api/comext/dissemination/statistics/1.0/data/DS-045409?format=JSON&freq=M&reporter=DE&partner=CN&product=8486&flow=2&indicators=VALUE_IN_EUROS&sinceTimePeriod=2023-07,2026-07-09T16:19:11Z
China,mirror_exports_de_hs8486_eur,2024-06,80602960.0,EUR,EUR,1.0,https://ec.europa.eu/eurostat/api/comext/dissemination/statistics/1.0/data/DS-045409?format=JSON&freq=M&reporter=DE&partner=CN&product=8486&flow=2&indicators=VALUE_IN_EUROS&sinceTimePeriod=2023-07,2026-07-09T16:19:11Z
China,mirror_exports_de_hs8486_eur,2024-07,89345234.0,EUR,EUR,1.0,https://ec.europa.eu/eurostat/api/comext/dissemination/statistics/1.0/data/DS-045409?format=JSON&freq=M&reporter=DE&partner=CN&product=8486&flow=2&indicators=VALUE_IN_EUROS&sinceTimePeriod=2023-07,2026-07-09T16:19:11Z
China,mirror_exports_de_hs8486_eur,2024-08,70832573.0,EUR,EUR,1.0,https://ec.europa.eu/eurostat/api/comext/dissemination/statistics/1.0/data/DS-045409?format=JSON&freq=M&reporter=DE&partner=CN&product=8486&flow=2&indicators=VALUE_IN_EUROS&sinceTimePeriod=2023-07,2026-07-09T16:19:11Z
China,mirror_exports_de_hs8486_eur,2024-09,64941358.0,EUR,EUR,1.0,https://ec.europa.eu/eurostat/api/comext/dissemination/statistics/1.0/data/DS-045409?format=JSON&freq=M&reporter=DE&partner=CN&product=8486&flow=2&indicators=VALUE_IN_EUROS&sinceTimePeriod=2023-07,2026-07-09T16:19:11Z
China,mirror_exports_de_hs8486_eur,2024-10,78846027.0,EUR,EUR,1.0,https://ec.europa.eu/eurostat/api/comext/dissemination/statistics/1.0/data/DS-045409?format=JSON&freq=M&reporter=DE&partner=CN&product=8486&flow=2&indicators=VALUE_IN_EUROS&sinceTimePeriod=2023-07,2026-07-09T16:19:11Z
China,mirror_exports_de_hs8486_eur,2024-11,105894139.0,EUR,EUR,1.0,https://ec.europa.eu/eurostat/api/comext/dissemination/statistics/1.0/data/DS-045409?format=JSON&freq=M&reporter=DE&partner=CN&product=8486&flow=2&indicators=VALUE_IN_EUROS&sinceTimePeriod=2023-07,2026-07-09T16:19:11Z
China,mirror_exports_de_hs8486_eur,2024-12,117052725.0,EUR,EUR,1.0,https://ec.europa.eu/eurostat/api/comext/dissemination/statistics/1.0/data/DS-045409?format=JSON&freq=M&reporter=DE&partner=CN&product=8486&flow=2&indicators=VALUE_IN_EUROS&sinceTimePeriod=2023-07,2026-07-09T16:19:11Z
China,mirror_exports_de_hs8486_eur,2025-01,44342756.0,EUR,EUR,1.0,https://ec.europa.eu/eurostat/api/comext/dissemination/statistics/1.0/data/DS-045409?format=JSON&freq=M&reporter=DE&partner=CN&product=8486&flow=2&indicators=VALUE_IN_EUROS&sinceTimePeriod=2023-07,2026-07-09T16:19:11Z
China,mirror_exports_de_hs8486_eur,2025-02,106879746.0,EUR,EUR,1.0,https://ec.europa.eu/eurostat/api/comext/dissemination/statistics/1.0/data/DS-045409?format=JSON&freq=M&reporter=DE&partner=CN&product=8486&flow=2&indicators=VALUE_IN_EUROS&sinceTimePeriod=2023-07,2026-07-09T16:19:11Z
China,mirror_exports_de_hs8486_eur,2025-03,118425610.0,EUR,EUR,1.0,https://ec.europa.eu/eurostat/api/comext/dissemination/statistics/1.0/data/DS-045409?format=JSON&freq=M&reporter=DE&partner=CN&product=8486&flow=2&indicators=VALUE_IN_EUROS&sinceTimePeriod=2023-07,2026-07-09T16:19:11Z
China,mirror_exports_de_hs8486_eur,2025-04,108595727.0,EUR,EUR,1.0,https://ec.europa.eu/eurostat/api/comext/dissemination/statistics/1.0/data/DS-045409?format=JSON&freq=M&reporter=DE&partner=CN&product=8486&flow=2&indicators=VALUE_IN_EUROS&sinceTimePeriod=2023-07,2026-07-09T16:19:11Z
China,mirror_exports_de_hs8486_eur,2025-05,87459734.0,EUR,EUR,1.0,https://ec.europa.eu/eurostat/api/comext/dissemination/statistics/1.0/data/DS-045409?format=JSON&freq=M&reporter=DE&partner=CN&product=8486&flow=2&indicators=VALUE_IN_EUROS&sinceTimePeriod=2023-07,2026-07-09T16:19:11Z
China,mirror_exports_de_hs8486_eur,2025-06,94931107.0,EUR,EUR,1.0,https://ec.europa.eu/eurostat/api/comext/dissemination/statistics/1.0/data/DS-045409?format=JSON&freq=M&reporter=DE&partner=CN&product=8486&flow=2&indicators=VALUE_IN_EUROS&sinceTimePeriod=2023-07,2026-07-09T16:19:11Z
China,mirror_exports_de_hs8486_eur,2025-07,68294303.0,EUR,EUR,1.0,https://ec.europa.eu/eurostat/api/comext/dissemination/statistics/1.0/data/DS-045409?format=JSON&freq=M&reporter=DE&partner=CN&product=8486&flow=2&indicators=VALUE_IN_EUROS&sinceTimePeriod=2023-07,2026-07-09T16:19:11Z
China,mirror_exports_de_hs8486_eur,2025-08,76199253.0,EUR,EUR,1.0,https://ec.europa.eu/eurostat/api/comext/dissemination/statistics/1.0/data/DS-045409?format=JSON&freq=M&reporter=DE&partner=CN&product=8486&flow=2&indicators=VALUE_IN_EUROS&sinceTimePeriod=2023-07,2026-07-09T16:19:11Z
China,mirror_exports_de_hs8486_eur,2025-09,56740473.0,EUR,EUR,1.0,https://ec.europa.eu/eurostat/api/comext/dissemination/statistics/1.0/data/DS-045409?format=JSON&freq=M&reporter=DE&partner=CN&product=8486&flow=2&indicators=VALUE_IN_EUROS&sinceTimePeriod=2023-07,2026-07-09T16:19:11Z
China,mirror_exports_de_hs8486_eur,2025-10,89307153.0,EUR,EUR,1.0,https://ec.europa.eu/eurostat/api/comext/dissemination/statistics/1.0/data/DS-045409?format=JSON&freq=M&reporter=DE&partner=CN&product=8486&flow=2&indicators=VALUE_IN_EUROS&sinceTimePeriod=2023-07,2026-07-09T16:19:11Z
China,mirror_exports_de_hs8486_eur,2025-11,71240199.0,EUR,EUR,1.0,https://ec.europa.eu/eurostat/api/comext/dissemination/statistics/1.0/data/DS-045409?format=JSON&freq=M&reporter=DE&partner=CN&product=8486&flow=2&indicators=VALUE_IN_EUROS&sinceTimePeriod=2023-07,2026-07-09T16:19:11Z
China,mirror_exports_de_hs8486_eur,2025-12,107280608.0,EUR,EUR,1.0,https://ec.europa.eu/eurostat/api/comext/dissemination/statistics/1.0/data/DS-045409?format=JSON&freq=M&reporter=DE&partner=CN&product=8486&flow=2&indicators=VALUE_IN_EUROS&sinceTimePeriod=2023-07,2026-07-09T16:19:11Z
China,mirror_exports_de_hs8486_eur,2026-01,38674132.0,EUR,EUR,1.0,https://ec.europa.eu/eurostat/api/comext/dissemination/statistics/1.0/data/DS-045409?format=JSON&freq=M&reporter=DE&partner=CN&product=8486&flow=2&indicators=VALUE_IN_EUROS&sinceTimePeriod=2023-07,2026-07-09T16:19:11Z
China,mirror_exports_de_hs8486_eur,2026-02,39069823.0,EUR,EUR,1.0,https://ec.europa.eu/eurostat/api/comext/dissemination/statistics/1.0/data/DS-045409?format=JSON&freq=M&reporter=DE&partner=CN&product=8486&flow=2&indicators=VALUE_IN_EUROS&sinceTimePeriod=2023-07,2026-07-09T16:19:11Z
China,mirror_exports_de_hs8486_eur,2026-03,26265956.0,EUR,EUR,1.0,https://ec.europa.eu/eurostat/api/comext/dissemination/statistics/1.0/data/DS-045409?format=JSON&freq=M&reporter=DE&partner=CN&product=8486&flow=2&indicators=VALUE_IN_EUROS&sinceTimePeriod=2023-07,2026-07-09T16:19:11Z
China,mirror_exports_de_hs8486_eur,2026-04,30120765.0,EUR,EUR,1.0,https://ec.europa.eu/eurostat/api/comext/dissemination/statistics/1.0/data/DS-045409?format=JSON&freq=M&reporter=DE&partner=CN&product=8486&flow=2&indicators=VALUE_IN_EUROS&sinceTimePeriod=2023-07,2026-07-09T16:19:11Z
China,mirror_exports_de_hs8542_eur,2023-07,106492591.0,EUR,EUR,1.0,https://ec.europa.eu/eurostat/api/comext/dissemination/statistics/1.0/data/DS-045409?format=JSON&freq=M&reporter=DE&partner=CN&product=8542&flow=2&indicators=VALUE_IN_EUROS&sinceTimePeriod=2023-07,2026-07-09T16:19:13Z
China,mirror_exports_de_hs8542_eur,2023-08,113050795.0,EUR,EUR,1.0,https://ec.europa.eu/eurostat/api/comext/dissemination/statistics/1.0/data/DS-045409?format=JSON&freq=M&reporter=DE&partner=CN&product=8542&flow=2&indicators=VALUE_IN_EUROS&sinceTimePeriod=2023-07,2026-07-09T16:19:13Z
China,mirror_exports_de_hs8542_eur,2023-09,129040126.0,EUR,EUR,1.0,https://ec.europa.eu/eurostat/api/comext/dissemination/statistics/1.0/data/DS-045409?format=JSON&freq=M&reporter=DE&partner=CN&product=8542&flow=2&indicators=VALUE_IN_EUROS&sinceTimePeriod=2023-07,2026-07-09T16:19:13Z
China,mirror_exports_de_hs8542_eur,2023-10,104028944.0,EUR,EUR,1.0,https://ec.europa.eu/eurostat/api/comext/dissemination/statistics/1.0/data/DS-045409?format=JSON&freq=M&reporter=DE&partner=CN&product=8542&flow=2&indicators=VALUE_IN_EUROS&sinceTimePeriod=2023-07,2026-07-09T16:19:13Z
China,mirror_exports_de_hs8542_eur,2023-11,98768077.0,EUR,EUR,1.0,https://ec.europa.eu/eurostat/api/comext/dissemination/statistics/1.0/data/DS-045409?format=JSON&freq=M&reporter=DE&partner=CN&product=8542&flow=2&indicators=VALUE_IN_EUROS&sinceTimePeriod=2023-07,2026-07-09T16:19:13Z
China,mirror_exports_de_hs8542_eur,2023-12,110821579.0,EUR,EUR,1.0,https://ec.europa.eu/eurostat/api/comext/dissemination/statistics/1.0/data/DS-045409?format=JSON&freq=M&reporter=DE&partner=CN&product=8542&flow=2&indicators=VALUE_IN_EUROS&sinceTimePeriod=2023-07,2026-07-09T16:19:13Z
China,mirror_exports_de_hs8542_eur,2024-01,158317768.0,EUR,EUR,1.0,https://ec.europa.eu/eurostat/api/comext/dissemination/statistics/1.0/data/DS-045409?format=JSON&freq=M&reporter=DE&partner=CN&product=8542&flow=2&indicators=VALUE_IN_EUROS&sinceTimePeriod=2023-07,2026-07-09T16:19:13Z
China,mirror_exports_de_hs8542_eur,2024-02,80969095.0,EUR,EUR,1.0,https://ec.europa.eu/eurostat/api/comext/dissemination/statistics/1.0/data/DS-045409?format=JSON&freq=M&reporter=DE&partner=CN&product=8542&flow=2&indicators=VALUE_IN_EUROS&sinceTimePeriod=2023-07,2026-07-09T16:19:13Z
China,mirror_exports_de_hs8542_eur,2024-03,93344123.0,EUR,EUR,1.0,https://ec.europa.eu/eurostat/api/comext/dissemination/statistics/1.0/data/DS-045409?format=JSON&freq=M&reporter=DE&partner=CN&product=8542&flow=2&indicators=VALUE_IN_EUROS&sinceTimePeriod=2023-07,2026-07-09T16:19:13Z
China,mirror_exports_de_hs8542_eur,2024-04,114894463.0,EUR,EUR,1.0,https://ec.europa.eu/eurostat/api/comext/dissemination/statistics/1.0/data/DS-045409?format=JSON&freq=M&reporter=DE&partner=CN&product=8542&flow=2&indicators=VALUE_IN_EUROS&sinceTimePeriod=2023-07,2026-07-09T16:19:13Z
China,mirror_exports_de_hs8542_eur,2024-05,77729421.0,EUR,EUR,1.0,https://ec.europa.eu/eurostat/api/comext/dissemination/statistics/1.0/data/DS-045409?format=JSON&freq=M&reporter=DE&partner=CN&product=8542&flow=2&indicators=VALUE_IN_EUROS&sinceTimePeriod=2023-07,2026-07-09T16:19:13Z
China,mirror_exports_de_hs8542_eur,2024-06,81796871.0,EUR,EUR,1.0,https://ec.europa.eu/eurostat/api/comext/dissemination/statistics/1.0/data/DS-045409?format=JSON&freq=M&reporter=DE&partner=CN&product=8542&flow=2&indicators=VALUE_IN_EUROS&sinceTimePeriod=2023-07,2026-07-09T16:19:13Z
China,mirror_exports_de_hs8542_eur,2024-07,110998065.0,EUR,EUR,1.0,https://ec.europa.eu/eurostat/api/comext/dissemination/statistics/1.0/data/DS-045409?format=JSON&freq=M&reporter=DE&partner=CN&product=8542&flow=2&indicators=VALUE_IN_EUROS&sinceTimePeriod=2023-07,2026-07-09T16:19:13Z
China,mirror_exports_de_hs8542_eur,2024-08,84074195.0,EUR,EUR,1.0,https://ec.europa.eu/eurostat/api/comext/dissemination/statistics/1.0/data/DS-045409?format=JSON&freq=M&reporter=DE&partner=CN&product=8542&flow=2&indicators=VALUE_IN_EUROS&sinceTimePeriod=2023-07,2026-07-09T16:19:13Z
China,mirror_exports_de_hs8542_eur,2024-09,83624118.0,EUR,EUR,1.0,https://ec.europa.eu/eurostat/api/comext/dissemination/statistics/1.0/data/DS-045409?format=JSON&freq=M&reporter=DE&partner=CN&product=8542&flow=2&indicators=VALUE_IN_EUROS&sinceTimePeriod=2023-07,2026-07-09T16:19:13Z
China,mirror_exports_de_hs8542_eur,2024-10,93084576.0,EUR,EUR,1.0,https://ec.europa.eu/eurostat/api/comext/dissemination/statistics/1.0/data/DS-045409?format=JSON&freq=M&reporter=DE&partner=CN&product=8542&flow=2&indicators=VALUE_IN_EUROS&sinceTimePeriod=2023-07,2026-07-09T16:19:13Z
China,mirror_exports_de_hs8542_eur,2024-11,80245936.0,EUR,EUR,1.0,https://ec.europa.eu/eurostat/api/comext/dissemination/statistics/1.0/data/DS-045409?format=JSON&freq=M&reporter=DE&partner=CN&product=8542&flow=2&indicators=VALUE_IN_EUROS&sinceTimePeriod=2023-07,2026-07-09T16:19:13Z
China,mirror_exports_de_hs8542_eur,2024-12,93647815.0,EUR,EUR,1.0,https://ec.europa.eu/eurostat/api/comext/dissemination/statistics/1.0/data/DS-045409?format=JSON&freq=M&reporter=DE&partner=CN&product=8542&flow=2&indicators=VALUE_IN_EUROS&sinceTimePeriod=2023-07,2026-07-09T16:19:13Z
China,mirror_exports_de_hs8542_eur,2025-01,88477773.0,EUR,EUR,1.0,https://ec.europa.eu/eurostat/api/comext/dissemination/statistics/1.0/data/DS-045409?format=JSON&freq=M&reporter=DE&partner=CN&product=8542&flow=2&indicators=VALUE_IN_EUROS&sinceTimePeriod=2023-07,2026-07-09T16:19:13Z
China,mirror_exports_de_hs8542_eur,2025-02,79680481.0,EUR,EUR,1.0,https://ec.europa.eu/eurostat/api/comext/dissemination/statistics/1.0/data/DS-045409?format=JSON&freq=M&reporter=DE&partner=CN&product=8542&flow=2&indicators=VALUE_IN_EUROS&sinceTimePeriod=2023-07,2026-07-09T16:19:13Z
China,mirror_exports_de_hs8542_eur,2025-03,103953941.0,EUR,EUR,1.0,https://ec.europa.eu/eurostat/api/comext/dissemination/statistics/1.0/data/DS-045409?format=JSON&freq=M&reporter=DE&partner=CN&product=8542&flow=2&indicators=VALUE_IN_EUROS&sinceTimePeriod=2023-07,2026-07-09T16:19:13Z
China,mirror_exports_de_hs8542_eur,2025-04,81272864.0,EUR,EUR,1.0,https://ec.europa.eu/eurostat/api/comext/dissemination/statistics/1.0/data/DS-045409?format=JSON&freq=M&reporter=DE&partner=CN&product=8542&flow=2&indicators=VALUE_IN_EUROS&sinceTimePeriod=2023-07,2026-07-09T16:19:13Z
China,mirror_exports_de_hs8542_eur,2025-05,89771401.0,EUR,EUR,1.0,https://ec.europa.eu/eurostat/api/comext/dissemination/statistics/1.0/data/DS-045409?format=JSON&freq=M&reporter=DE&partner=CN&product=8542&flow=2&indicators=VALUE_IN_EUROS&sinceTimePeriod=2023-07,2026-07-09T16:19:13Z
China,mirror_exports_de_hs8542_eur,2025-06,94290647.0,EUR,EUR,1.0,https://ec.europa.eu/eurostat/api/comext/dissemination/statistics/1.0/data/DS-045409?format=JSON&freq=M&reporter=DE&partner=CN&product=8542&flow=2&indicators=VALUE_IN_EUROS&sinceTimePeriod=2023-07,2026-07-09T16:19:13Z
China,mirror_exports_de_hs8542_eur,2025-07,96955026.0,EUR,EUR,1.0,https://ec.europa.eu/eurostat/api/comext/dissemination/statistics/1.0/data/DS-045409?format=JSON&freq=M&reporter=DE&partner=CN&product=8542&flow=2&indicators=VALUE_IN_EUROS&sinceTimePeriod=2023-07,2026-07-09T16:19:13Z
China,mirror_exports_de_hs8542_eur,2025-08,101812069.0,EUR,EUR,1.0,https://ec.europa.eu/eurostat/api/comext/dissemination/statistics/1.0/data/DS-045409?format=JSON&freq=M&reporter=DE&partner=CN&product=8542&flow=2&indicators=VALUE_IN_EUROS&sinceTimePeriod=2023-07,2026-07-09T16:19:13Z
China,mirror_exports_de_hs8542_eur,2025-09,123566097.0,EUR,EUR,1.0,https://ec.europa.eu/eurostat/api/comext/dissemination/statistics/1.0/data/DS-045409?format=JSON&freq=M&reporter=DE&partner=CN&product=8542&flow=2&indicators=VALUE_IN_EUROS&sinceTimePeriod=2023-07,2026-07-09T16:19:13Z
China,mirror_exports_de_hs8542_eur,2025-10,116051233.0,EUR,EUR,1.0,https://ec.europa.eu/eurostat/api/comext/dissemination/statistics/1.0/data/DS-045409?format=JSON&freq=M&reporter=DE&partner=CN&product=8542&flow=2&indicators=VALUE_IN_EUROS&sinceTimePeriod=2023-07,2026-07-09T16:19:13Z
China,mirror_exports_de_hs8542_eur,2025-11,97435634.0,EUR,EUR,1.0,https://ec.europa.eu/eurostat/api/comext/dissemination/statistics/1.0/data/DS-045409?format=JSON&freq=M&reporter=DE&partner=CN&product=8542&flow=2&indicators=VALUE_IN_EUROS&sinceTimePeriod=2023-07,2026-07-09T16:19:13Z
China,mirror_exports_de_hs8542_eur,2025-12,101706906.0,EUR,EUR,1.0,https://ec.europa.eu/eurostat/api/comext/dissemination/statistics/1.0/data/DS-045409?format=JSON&freq=M&reporter=DE&partner=CN&product=8542&flow=2&indicators=VALUE_IN_EUROS&sinceTimePeriod=2023-07,2026-07-09T16:19:13Z
China,mirror_exports_de_hs8542_eur,2026-01,105617439.0,EUR,EUR,1.0,https://ec.europa.eu/eurostat/api/comext/dissemination/statistics/1.0/data/DS-045409?format=JSON&freq=M&reporter=DE&partner=CN&product=8542&flow=2&indicators=VALUE_IN_EUROS&sinceTimePeriod=2023-07,2026-07-09T16:19:13Z
China,mirror_exports_de_hs8542_eur,2026-02,84974941.0,EUR,EUR,1.0,https://ec.europa.eu/eurostat/api/comext/dissemination/statistics/1.0/data/DS-045409?format=JSON&freq=M&reporter=DE&partner=CN&product=8542&flow=2&indicators=VALUE_IN_EUROS&sinceTimePeriod=2023-07,2026-07-09T16:19:13Z
China,mirror_exports_de_hs8542_eur,2026-03,124505474.0,EUR,EUR,1.0,https://ec.europa.eu/eurostat/api/comext/dissemination/statistics/1.0/data/DS-045409?format=JSON&freq=M&reporter=DE&partner=CN&product=8542&flow=2&indicators=VALUE_IN_EUROS&sinceTimePeriod=2023-07,2026-07-09T16:19:13Z
China,mirror_exports_de_hs8542_eur,2026-04,109538069.0,EUR,EUR,1.0,https://ec.europa.eu/eurostat/api/comext/dissemination/statistics/1.0/data/DS-045409?format=JSON&freq=M&reporter=DE&partner=CN&product=8542&flow=2&indicators=VALUE_IN_EUROS&sinceTimePeriod=2023-07,2026-07-09T16:19:13Z
China,mirror_exports_eu27_hs8486_eur,2023-07,567198030.0,EUR,EUR,1.0,https://ec.europa.eu/eurostat/api/comext/dissemination/statistics/1.0/data/DS-045409?format=JSON&freq=M&reporter=EU27_2020&partner=CN&product=8486&flow=2&indicators=VALUE_IN_EUROS&sinceTimePeriod=2023-07,2026-07-09T16:19:00Z
China,mirror_exports_eu27_hs8486_eur,2023-08,1173846138.0,EUR,EUR,1.0,https://ec.europa.eu/eurostat/api/comext/dissemination/statistics/1.0/data/DS-045409?format=JSON&freq=M&reporter=EU27_2020&partner=CN&product=8486&flow=2&indicators=VALUE_IN_EUROS&sinceTimePeriod=2023-07,2026-07-09T16:19:00Z
China,mirror_exports_eu27_hs8486_eur,2023-09,1101999721.0,EUR,EUR,1.0,https://ec.europa.eu/eurostat/api/comext/dissemination/statistics/1.0/data/DS-045409?format=JSON&freq=M&reporter=EU27_2020&partner=CN&product=8486&flow=2&indicators=VALUE_IN_EUROS&sinceTimePeriod=2023-07,2026-07-09T16:19:00Z
China,mirror_exports_eu27_hs8486_eur,2023-10,437909257.0,EUR,EUR,1.0,https://ec.europa.eu/eurostat/api/comext/dissemination/statistics/1.0/data/DS-045409?format=JSON&freq=M&reporter=EU27_2020&partner=CN&product=8486&flow=2&indicators=VALUE_IN_EUROS&sinceTimePeriod=2023-07,2026-07-09T16:19:00Z
China,mirror_exports_eu27_hs8486_eur,2023-11,1053919174.0,EUR,EUR,1.0,https://ec.europa.eu/eurostat/api/comext/dissemination/statistics/1.0/data/DS-045409?format=JSON&freq=M&reporter=EU27_2020&partner=CN&product=8486&flow=2&indicators=VALUE_IN_EUROS&sinceTimePeriod=2023-07,2026-07-09T16:19:00Z
China,mirror_exports_eu27_hs8486_eur,2023-12,1189672512.0,EUR,EUR,1.0,https://ec.europa.eu/eurostat/api/comext/dissemination/statistics/1.0/data/DS-045409?format=JSON&freq=M&reporter=EU27_2020&partner=CN&product=8486&flow=2&indicators=VALUE_IN_EUROS&sinceTimePeriod=2023-07,2026-07-09T16:19:00Z
China,mirror_exports_eu27_hs8486_eur,2024-01,504018512.0,EUR,EUR,1.0,https://ec.europa.eu/eurostat/api/comext/dissemination/statistics/1.0/data/DS-045409?format=JSON&freq=M&reporter=EU27_2020&partner=CN&product=8486&flow=2&indicators=VALUE_IN_EUROS&sinceTimePeriod=2023-07,2026-07-09T16:19:00Z
China,mirror_exports_eu27_hs8486_eur,2024-02,566499575.0,EUR,EUR,1.0,https://ec.europa.eu/eurostat/api/comext/dissemination/statistics/1.0/data/DS-045409?format=JSON&freq=M&reporter=EU27_2020&partner=CN&product=8486&flow=2&indicators=VALUE_IN_EUROS&sinceTimePeriod=2023-07,2026-07-09T16:19:00Z
China,mirror_exports_eu27_hs8486_eur,2024-03,1547228123.0,EUR,EUR,1.0,https://ec.europa.eu/eurostat/api/comext/dissemination/statistics/1.0/data/DS-045409?format=JSON&freq=M&reporter=EU27_2020&partner=CN&product=8486&flow=2&indicators=VALUE_IN_EUROS&sinceTimePeriod=2023-07,2026-07-09T16:19:00Z
China,mirror_exports_eu27_hs8486_eur,2024-04,771210698.0,EUR,EUR,1.0,https://ec.europa.eu/eurostat/api/comext/dissemination/statistics/1.0/data/DS-045409?format=JSON&freq=M&reporter=EU27_2020&partner=CN&product=8486&flow=2&indicators=VALUE_IN_EUROS&sinceTimePeriod=2023-07,2026-07-09T16:19:00Z
China,mirror_exports_eu27_hs8486_eur,2024-05,891402376.0,EUR,EUR,1.0,https://ec.europa.eu/eurostat/api/comext/dissemination/statistics/1.0/data/DS-045409?format=JSON&freq=M&reporter=EU27_2020&partner=CN&product=8486&flow=2&indicators=VALUE_IN_EUROS&sinceTimePeriod=2023-07,2026-07-09T16:19:00Z
China,mirror_exports_eu27_hs8486_eur,2024-06,1199652540.0,EUR,EUR,1.0,https://ec.europa.eu/eurostat/api/comext/dissemination/statistics/1.0/data/DS-045409?format=JSON&freq=M&reporter=EU27_2020&partner=CN&product=8486&flow=2&indicators=VALUE_IN_EUROS&sinceTimePeriod=2023-07,2026-07-09T16:19:00Z
China,mirror_exports_eu27_hs8486_eur,2024-07,1088577161.0,EUR,EUR,1.0,https://ec.europa.eu/eurostat/api/comext/dissemination/statistics/1.0/data/DS-045409?format=JSON&freq=M&reporter=EU27_2020&partner=CN&product=8486&flow=2&indicators=VALUE_IN_EUROS&sinceTimePeriod=2023-07,2026-07-09T16:19:00Z
China,mirror_exports_eu27_hs8486_eur,2024-08,693220355.0,EUR,EUR,1.0,https://ec.europa.eu/eurostat/api/comext/dissemination/statistics/1.0/data/DS-045409?format=JSON&freq=M&reporter=EU27_2020&partner=CN&product=8486&flow=2&indicators=VALUE_IN_EUROS&sinceTimePeriod=2023-07,2026-07-09T16:19:00Z
China,mirror_exports_eu27_hs8486_eur,2024-09,1430513928.0,EUR,EUR,1.0,https://ec.europa.eu/eurostat/api/comext/dissemination/statistics/1.0/data/DS-045409?format=JSON&freq=M&reporter=EU27_2020&partner=CN&product=8486&flow=2&indicators=VALUE_IN_EUROS&sinceTimePeriod=2023-07,2026-07-09T16:19:00Z
China,mirror_exports_eu27_hs8486_eur,2024-10,700716998.0,EUR,EUR,1.0,https://ec.europa.eu/eurostat/api/comext/dissemination/statistics/1.0/data/DS-045409?format=JSON&freq=M&reporter=EU27_2020&partner=CN&product=8486&flow=2&indicators=VALUE_IN_EUROS&sinceTimePeriod=2023-07,2026-07-09T16:19:00Z
China,mirror_exports_eu27_hs8486_eur,2024-11,769877399.0,EUR,EUR,1.0,https://ec.europa.eu/eurostat/api/comext/dissemination/statistics/1.0/data/DS-045409?format=JSON&freq=M&reporter=EU27_2020&partner=CN&product=8486&flow=2&indicators=VALUE_IN_EUROS&sinceTimePeriod=2023-07,2026-07-09T16:19:00Z
China,mirror_exports_eu27_hs8486_eur,2024-12,1266756950.0,EUR,EUR,1.0,https://ec.europa.eu/eurostat/api/comext/dissemination/statistics/1.0/data/DS-045409?format=JSON&freq=M&reporter=EU27_2020&partner=CN&product=8486&flow=2&indicators=VALUE_IN_EUROS&sinceTimePeriod=2023-07,2026-07-09T16:19:00Z
China,mirror_exports_eu27_hs8486_eur,2025-01,476621218.0,EUR,EUR,1.0,https://ec.europa.eu/eurostat/api/comext/dissemination/statistics/1.0/data/DS-045409?format=JSON&freq=M&reporter=EU27_2020&partner=CN&product=8486&flow=2&indicators=VALUE_IN_EUROS&sinceTimePeriod=2023-07,2026-07-09T16:19:00Z
China,mirror_exports_eu27_hs8486_eur,2025-02,1008943117.0,EUR,EUR,1.0,https://ec.europa.eu/eurostat/api/comext/dissemination/statistics/1.0/data/DS-045409?format=JSON&freq=M&reporter=EU27_2020&partner=CN&product=8486&flow=2&indicators=VALUE_IN_EUROS&sinceTimePeriod=2023-07,2026-07-09T16:19:00Z
China,mirror_exports_eu27_hs8486_eur,2025-03,645360780.0,EUR,EUR,1.0,https://ec.europa.eu/eurostat/api/comext/dissemination/statistics/1.0/data/DS-045409?format=JSON&freq=M&reporter=EU27_2020&partner=CN&product=8486&flow=2&indicators=VALUE_IN_EUROS&sinceTimePeriod=2023-07,2026-07-09T16:19:00Z
China,mirror_exports_eu27_hs8486_eur,2025-04,499921805.0,EUR,EUR,1.0,https://ec.europa.eu/eurostat/api/comext/dissemination/statistics/1.0/data/DS-045409?format=JSON&freq=M&reporter=EU27_2020&partner=CN&product=8486&flow=2&indicators=VALUE_IN_EUROS&sinceTimePeriod=2023-07,2026-07-09T16:19:00Z
China,mirror_exports_eu27_hs8486_eur,2025-05,708244185.0,EUR,EUR,1.0,https://ec.europa.eu/eurostat/api/comext/dissemination/statistics/1.0/data/DS-045409?format=JSON&freq=M&reporter=EU27_2020&partner=CN&product=8486&flow=2&indicators=VALUE_IN_EUROS&sinceTimePeriod=2023-07,2026-07-09T16:19:00Z
China,mirror_exports_eu27_hs8486_eur,2025-06,888879766.0,EUR,EUR,1.0,https://ec.europa.eu/eurostat/api/comext/dissemination/statistics/1.0/data/DS-045409?format=JSON&freq=M&reporter=EU27_2020&partner=CN&product=8486&flow=2&indicators=VALUE_IN_EUROS&sinceTimePeriod=2023-07,2026-07-09T16:19:00Z
China,mirror_exports_eu27_hs8486_eur,2025-07,731997881.0,EUR,EUR,1.0,https://ec.europa.eu/eurostat/api/comext/dissemination/statistics/1.0/data/DS-045409?format=JSON&freq=M&reporter=EU27_2020&partner=CN&product=8486&flow=2&indicators=VALUE_IN_EUROS&sinceTimePeriod=2023-07,2026-07-09T16:19:00Z
China,mirror_exports_eu27_hs8486_eur,2025-08,695152280.0,EUR,EUR,1.0,https://ec.europa.eu/eurostat/api/comext/dissemination/statistics/1.0/data/DS-045409?format=JSON&freq=M&reporter=EU27_2020&partner=CN&product=8486&flow=2&indicators=VALUE_IN_EUROS&sinceTimePeriod=2023-07,2026-07-09T16:19:00Z
China,mirror_exports_eu27_hs8486_eur,2025-09,1194388207.0,EUR,EUR,1.0,https://ec.europa.eu/eurostat/api/comext/dissemination/statistics/1.0/data/DS-045409?format=JSON&freq=M&reporter=EU27_2020&partner=CN&product=8486&flow=2&indicators=VALUE_IN_EUROS&sinceTimePeriod=2023-07,2026-07-09T16:19:00Z
China,mirror_exports_eu27_hs8486_eur,2025-10,810670908.0,EUR,EUR,1.0,https://ec.europa.eu/eurostat/api/comext/dissemination/statistics/1.0/data/DS-045409?format=JSON&freq=M&reporter=EU27_2020&partner=CN&product=8486&flow=2&indicators=VALUE_IN_EUROS&sinceTimePeriod=2023-07,2026-07-09T16:19:00Z
China,mirror_exports_eu27_hs8486_eur,2025-11,901479721.0,EUR,EUR,1.0,https://ec.europa.eu/eurostat/api/comext/dissemination/statistics/1.0/data/DS-045409?format=JSON&freq=M&reporter=EU27_2020&partner=CN&product=8486&flow=2&indicators=VALUE_IN_EUROS&sinceTimePeriod=2023-07,2026-07-09T16:19:00Z
China,mirror_exports_eu27_hs8486_eur,2025-12,1613509495.0,EUR,EUR,1.0,https://ec.europa.eu/eurostat/api/comext/dissemination/statistics/1.0/data/DS-045409?format=JSON&freq=M&reporter=EU27_2020&partner=CN&product=8486&flow=2&indicators=VALUE_IN_EUROS&sinceTimePeriod=2023-07,2026-07-09T16:19:00Z
China,mirror_exports_eu27_hs8486_eur,2026-01,168944326.0,EUR,EUR,1.0,https://ec.europa.eu/eurostat/api/comext/dissemination/statistics/1.0/data/DS-045409?format=JSON&freq=M&reporter=EU27_2020&partner=CN&product=8486&flow=2&indicators=VALUE_IN_EUROS&sinceTimePeriod=2023-07,2026-07-09T16:19:00Z
China,mirror_exports_eu27_hs8486_eur,2026-02,445354629.0,EUR,EUR,1.0,https://ec.europa.eu/eurostat/api/comext/dissemination/statistics/1.0/data/DS-045409?format=JSON&freq=M&reporter=EU27_2020&partner=CN&product=8486&flow=2&indicators=VALUE_IN_EUROS&sinceTimePeriod=2023-07,2026-07-09T16:19:00Z
China,mirror_exports_eu27_hs8486_eur,2026-03,567229930.0,EUR,EUR,1.0,https://ec.europa.eu/eurostat/api/comext/dissemination/statistics/1.0/data/DS-045409?format=JSON&freq=M&reporter=EU27_2020&partner=CN&product=8486&flow=2&indicators=VALUE_IN_EUROS&sinceTimePeriod=2023-07,2026-07-09T16:19:00Z
China,mirror_exports_eu27_hs8486_eur,2026-04,143821695.0,EUR,EUR,1.0,https://ec.europa.eu/eurostat/api/comext/dissemination/statistics/1.0/data/DS-045409?format=JSON&freq=M&reporter=EU27_2020&partner=CN&product=8486&flow=2&indicators=VALUE_IN_EUROS&sinceTimePeriod=2023-07,2026-07-09T16:19:00Z
China,mirror_exports_eu27_hs8542_eur,2023-07,409103461.0,EUR,EUR,1.0,https://ec.europa.eu/eurostat/api/comext/dissemination/statistics/1.0/data/DS-045409?format=JSON&freq=M&reporter=EU27_2020&partner=CN&product=8542&flow=2&indicators=VALUE_IN_EUROS&sinceTimePeriod=2023-07,2026-07-09T16:19:03Z
China,mirror_exports_eu27_hs8542_eur,2023-08,466038563.0,EUR,EUR,1.0,https://ec.europa.eu/eurostat/api/comext/dissemination/statistics/1.0/data/DS-045409?format=JSON&freq=M&reporter=EU27_2020&partner=CN&product=8542&flow=2&indicators=VALUE_IN_EUROS&sinceTimePeriod=2023-07,2026-07-09T16:19:03Z
China,mirror_exports_eu27_hs8542_eur,2023-09,535383859.0,EUR,EUR,1.0,https://ec.europa.eu/eurostat/api/comext/dissemination/statistics/1.0/data/DS-045409?format=JSON&freq=M&reporter=EU27_2020&partner=CN&product=8542&flow=2&indicators=VALUE_IN_EUROS&sinceTimePeriod=2023-07,2026-07-09T16:19:03Z
China,mirror_exports_eu27_hs8542_eur,2023-10,444349470.0,EUR,EUR,1.0,https://ec.europa.eu/eurostat/api/comext/dissemination/statistics/1.0/data/DS-045409?format=JSON&freq=M&reporter=EU27_2020&partner=CN&product=8542&flow=2&indicators=VALUE_IN_EUROS&sinceTimePeriod=2023-07,2026-07-09T16:19:03Z
China,mirror_exports_eu27_hs8542_eur,2023-11,425083933.0,EUR,EUR,1.0,https://ec.europa.eu/eurostat/api/comext/dissemination/statistics/1.0/data/DS-045409?format=JSON&freq=M&reporter=EU27_2020&partner=CN&product=8542&flow=2&indicators=VALUE_IN_EUROS&sinceTimePeriod=2023-07,2026-07-09T16:19:03Z
China,mirror_exports_eu27_hs8542_eur,2023-12,589434025.0,EUR,EUR,1.0,https://ec.europa.eu/eurostat/api/comext/dissemination/statistics/1.0/data/DS-045409?format=JSON&freq=M&reporter=EU27_2020&partner=CN&product=8542&flow=2&indicators=VALUE_IN_EUROS&sinceTimePeriod=2023-07,2026-07-09T16:19:03Z
China,mirror_exports_eu27_hs8542_eur,2024-01,525670201.0,EUR,EUR,1.0,https://ec.europa.eu/eurostat/api/comext/dissemination/statistics/1.0/data/DS-045409?format=JSON&freq=M&reporter=EU27_2020&partner=CN&product=8542&flow=2&indicators=VALUE_IN_EUROS&sinceTimePeriod=2023-07,2026-07-09T16:19:03Z
China,mirror_exports_eu27_hs8542_eur,2024-02,348276307.0,EUR,EUR,1.0,https://ec.europa.eu/eurostat/api/comext/dissemination/statistics/1.0/data/DS-045409?format=JSON&freq=M&reporter=EU27_2020&partner=CN&product=8542&flow=2&indicators=VALUE_IN_EUROS&sinceTimePeriod=2023-07,2026-07-09T16:19:03Z
China,mirror_exports_eu27_hs8542_eur,2024-03,552603641.0,EUR,EUR,1.0,https://ec.europa.eu/eurostat/api/comext/dissemination/statistics/1.0/data/DS-045409?format=JSON&freq=M&reporter=EU27_2020&partner=CN&product=8542&flow=2&indicators=VALUE_IN_EUROS&sinceTimePeriod=2023-07,2026-07-09T16:19:03Z
China,mirror_exports_eu27_hs8542_eur,2024-04,551628714.0,EUR,EUR,1.0,https://ec.europa.eu/eurostat/api/comext/dissemination/statistics/1.0/data/DS-045409?format=JSON&freq=M&reporter=EU27_2020&partner=CN&product=8542&flow=2&indicators=VALUE_IN_EUROS&sinceTimePeriod=2023-07,2026-07-09T16:19:03Z
China,mirror_exports_eu27_hs8542_eur,2024-05,527614560.0,EUR,EUR,1.0,https://ec.europa.eu/eurostat/api/comext/dissemination/statistics/1.0/data/DS-045409?format=JSON&freq=M&reporter=EU27_2020&partner=CN&product=8542&flow=2&indicators=VALUE_IN_EUROS&sinceTimePeriod=2023-07,2026-07-09T16:19:03Z
China,mirror_exports_eu27_hs8542_eur,2024-06,520197674.0,EUR,EUR,1.0,https://ec.europa.eu/eurostat/api/comext/dissemination/statistics/1.0/data/DS-045409?format=JSON&freq=M&reporter=EU27_2020&partner=CN&product=8542&flow=2&indicators=VALUE_IN_EUROS&sinceTimePeriod=2023-07,2026-07-09T16:19:03Z
China,mirror_exports_eu27_hs8542_eur,2024-07,565541542.0,EUR,EUR,1.0,https://ec.europa.eu/eurostat/api/comext/dissemination/statistics/1.0/data/DS-045409?format=JSON&freq=M&reporter=EU27_2020&partner=CN&product=8542&flow=2&indicators=VALUE_IN_EUROS&sinceTimePeriod=2023-07,2026-07-09T16:19:03Z
China,mirror_exports_eu27_hs8542_eur,2024-08,541093148.0,EUR,EUR,1.0,https://ec.europa.eu/eurostat/api/comext/dissemination/statistics/1.0/data/DS-045409?format=JSON&freq=M&reporter=EU27_2020&partner=CN&product=8542&flow=2&indicators=VALUE_IN_EUROS&sinceTimePeriod=2023-07,2026-07-09T16:19:03Z
China,mirror_exports_eu27_hs8542_eur,2024-09,487857439.0,EUR,EUR,1.0,https://ec.europa.eu/eurostat/api/comext/dissemination/statistics/1.0/data/DS-045409?format=JSON&freq=M&reporter=EU27_2020&partner=CN&product=8542&flow=2&indicators=VALUE_IN_EUROS&sinceTimePeriod=2023-07,2026-07-09T16:19:03Z
China,mirror_exports_eu27_hs8542_eur,2024-10,555601326.0,EUR,EUR,1.0,https://ec.europa.eu/eurostat/api/comext/dissemination/statistics/1.0/data/DS-045409?format=JSON&freq=M&reporter=EU27_2020&partner=CN&product=8542&flow=2&indicators=VALUE_IN_EUROS&sinceTimePeriod=2023-07,2026-07-09T16:19:03Z
China,mirror_exports_eu27_hs8542_eur,2024-11,601567222.0,EUR,EUR,1.0,https://ec.europa.eu/eurostat/api/comext/dissemination/statistics/1.0/data/DS-045409?format=JSON&freq=M&reporter=EU27_2020&partner=CN&product=8542&flow=2&indicators=VALUE_IN_EUROS&sinceTimePeriod=2023-07,2026-07-09T16:19:03Z
China,mirror_exports_eu27_hs8542_eur,2024-12,500826535.0,EUR,EUR,1.0,https://ec.europa.eu/eurostat/api/comext/dissemination/statistics/1.0/data/DS-045409?format=JSON&freq=M&reporter=EU27_2020&partner=CN&product=8542&flow=2&indicators=VALUE_IN_EUROS&sinceTimePeriod=2023-07,2026-07-09T16:19:03Z
China,mirror_exports_eu27_hs8542_eur,2025-01,468137263.0,EUR,EUR,1.0,https://ec.europa.eu/eurostat/api/comext/dissemination/statistics/1.0/data/DS-045409?format=JSON&freq=M&reporter=EU27_2020&partner=CN&product=8542&flow=2&indicators=VALUE_IN_EUROS&sinceTimePeriod=2023-07,2026-07-09T16:19:03Z
China,mirror_exports_eu27_hs8542_eur,2025-02,497995679.0,EUR,EUR,1.0,https://ec.europa.eu/eurostat/api/comext/dissemination/statistics/1.0/data/DS-045409?format=JSON&freq=M&reporter=EU27_2020&partner=CN&product=8542&flow=2&indicators=VALUE_IN_EUROS&sinceTimePeriod=2023-07,2026-07-09T16:19:03Z
China,mirror_exports_eu27_hs8542_eur,2025-03,555715027.0,EUR,EUR,1.0,https://ec.europa.eu/eurostat/api/comext/dissemination/statistics/1.0/data/DS-045409?format=JSON&freq=M&reporter=EU27_2020&partner=CN&product=8542&flow=2&indicators=VALUE_IN_EUROS&sinceTimePeriod=2023-07,2026-07-09T16:19:03Z
China,mirror_exports_eu27_hs8542_eur,2025-04,502743633.0,EUR,EUR,1.0,https://ec.europa.eu/eurostat/api/comext/dissemination/statistics/1.0/data/DS-045409?format=JSON&freq=M&reporter=EU27_2020&partner=CN&product=8542&flow=2&indicators=VALUE_IN_EUROS&sinceTimePeriod=2023-07,2026-07-09T16:19:03Z
China,mirror_exports_eu27_hs8542_eur,2025-05,502685038.0,EUR,EUR,1.0,https://ec.europa.eu/eurostat/api/comext/dissemination/statistics/1.0/data/DS-045409?format=JSON&freq=M&reporter=EU27_2020&partner=CN&product=8542&flow=2&indicators=VALUE_IN_EUROS&sinceTimePeriod=2023-07,2026-07-09T16:19:03Z
China,mirror_exports_eu27_hs8542_eur,2025-06,446232196.0,EUR,EUR,1.0,https://ec.europa.eu/eurostat/api/comext/dissemination/statistics/1.0/data/DS-045409?format=JSON&freq=M&reporter=EU27_2020&partner=CN&product=8542&flow=2&indicators=VALUE_IN_EUROS&sinceTimePeriod=2023-07,2026-07-09T16:19:03Z
China,mirror_exports_eu27_hs8542_eur,2025-07,461815222.0,EUR,EUR,1.0,https://ec.europa.eu/eurostat/api/comext/dissemination/statistics/1.0/data/DS-045409?format=JSON&freq=M&reporter=EU27_2020&partner=CN&product=8542&flow=2&indicators=VALUE_IN_EUROS&sinceTimePeriod=2023-07,2026-07-09T16:19:03Z
China,mirror_exports_eu27_hs8542_eur,2025-08,472744453.0,EUR,EUR,1.0,https://ec.europa.eu/eurostat/api/comext/dissemination/statistics/1.0/data/DS-045409?format=JSON&freq=M&reporter=EU27_2020&partner=CN&product=8542&flow=2&indicators=VALUE_IN_EUROS&sinceTimePeriod=2023-07,2026-07-09T16:19:03Z
China,mirror_exports_eu27_hs8542_eur,2025-09,464978114.0,EUR,EUR,1.0,https://ec.europa.eu/eurostat/api/comext/dissemination/statistics/1.0/data/DS-045409?format=JSON&freq=M&reporter=EU27_2020&partner=CN&product=8542&flow=2&indicators=VALUE_IN_EUROS&sinceTimePeriod=2023-07,2026-07-09T16:19:03Z
China,mirror_exports_eu27_hs8542_eur,2025-10,405157433.0,EUR,EUR,1.0,https://ec.europa.eu/eurostat/api/comext/dissemination/statistics/1.0/data/DS-045409?format=JSON&freq=M&reporter=EU27_2020&partner=CN&product=8542&flow=2&indicators=VALUE_IN_EUROS&sinceTimePeriod=2023-07,2026-07-09T16:19:03Z
China,mirror_exports_eu27_hs8542_eur,2025-11,425869486.0,EUR,EUR,1.0,https://ec.europa.eu/eurostat/api/comext/dissemination/statistics/1.0/data/DS-045409?format=JSON&freq=M&reporter=EU27_2020&partner=CN&product=8542&flow=2&indicators=VALUE_IN_EUROS&sinceTimePeriod=2023-07,2026-07-09T16:19:03Z
China,mirror_exports_eu27_hs8542_eur,2025-12,481280144.0,EUR,EUR,1.0,https://ec.europa.eu/eurostat/api/comext/dissemination/statistics/1.0/data/DS-045409?format=JSON&freq=M&reporter=EU27_2020&partner=CN&product=8542&flow=2&indicators=VALUE_IN_EUROS&sinceTimePeriod=2023-07,2026-07-09T16:19:03Z
China,mirror_exports_eu27_hs8542_eur,2026-01,447487585.0,EUR,EUR,1.0,https://ec.europa.eu/eurostat/api/comext/dissemination/statistics/1.0/data/DS-045409?format=JSON&freq=M&reporter=EU27_2020&partner=CN&product=8542&flow=2&indicators=VALUE_IN_EUROS&sinceTimePeriod=2023-07,2026-07-09T16:19:03Z
China,mirror_exports_eu27_hs8542_eur,2026-02,442262806.0,EUR,EUR,1.0,https://ec.europa.eu/eurostat/api/comext/dissemination/statistics/1.0/data/DS-045409?format=JSON&freq=M&reporter=EU27_2020&partner=CN&product=8542&flow=2&indicators=VALUE_IN_EUROS&sinceTimePeriod=2023-07,2026-07-09T16:19:03Z
China,mirror_exports_eu27_hs8542_eur,2026-03,538627652.0,EUR,EUR,1.0,https://ec.europa.eu/eurostat/api/comext/dissemination/statistics/1.0/data/DS-045409?format=JSON&freq=M&reporter=EU27_2020&partner=CN&product=8542&flow=2&indicators=VALUE_IN_EUROS&sinceTimePeriod=2023-07,2026-07-09T16:19:03Z
China,mirror_exports_eu27_hs8542_eur,2026-04,592752882.0,EUR,EUR,1.0,https://ec.europa.eu/eurostat/api/comext/dissemination/statistics/1.0/data/DS-045409?format=JSON&freq=M&reporter=EU27_2020&partner=CN&product=8542&flow=2&indicators=VALUE_IN_EUROS&sinceTimePeriod=2023-07,2026-07-09T16:19:03Z
China,mirror_exports_nl_hs8486_eur,2023-07,451701097.0,EUR,EUR,1.0,https://ec.europa.eu/eurostat/api/comext/dissemination/statistics/1.0/data/DS-045409?format=JSON&freq=M&reporter=NL&partner=CN&product=8486&flow=2&indicators=VALUE_IN_EUROS&sinceTimePeriod=2023-07,2026-07-09T16:19:05Z
China,mirror_exports_nl_hs8486_eur,2023-08,1040206378.0,EUR,EUR,1.0,https://ec.europa.eu/eurostat/api/comext/dissemination/statistics/1.0/data/DS-045409?format=JSON&freq=M&reporter=NL&partner=CN&product=8486&flow=2&indicators=VALUE_IN_EUROS&sinceTimePeriod=2023-07,2026-07-09T16:19:05Z
China,mirror_exports_nl_hs8486_eur,2023-09,883256991.0,EUR,EUR,1.0,https://ec.europa.eu/eurostat/api/comext/dissemination/statistics/1.0/data/DS-045409?format=JSON&freq=M&reporter=NL&partner=CN&product=8486&flow=2&indicators=VALUE_IN_EUROS&sinceTimePeriod=2023-07,2026-07-09T16:19:05Z
China,mirror_exports_nl_hs8486_eur,2023-10,300949407.0,EUR,EUR,1.0,https://ec.europa.eu/eurostat/api/comext/dissemination/statistics/1.0/data/DS-045409?format=JSON&freq=M&reporter=NL&partner=CN&product=8486&flow=2&indicators=VALUE_IN_EUROS&sinceTimePeriod=2023-07,2026-07-09T16:19:05Z
China,mirror_exports_nl_hs8486_eur,2023-11,885689716.0,EUR,EUR,1.0,https://ec.europa.eu/eurostat/api/comext/dissemination/statistics/1.0/data/DS-045409?format=JSON&freq=M&reporter=NL&partner=CN&product=8486&flow=2&indicators=VALUE_IN_EUROS&sinceTimePeriod=2023-07,2026-07-09T16:19:05Z
China,mirror_exports_nl_hs8486_eur,2023-12,910656224.0,EUR,EUR,1.0,https://ec.europa.eu/eurostat/api/comext/dissemination/statistics/1.0/data/DS-045409?format=JSON&freq=M&reporter=NL&partner=CN&product=8486&flow=2&indicators=VALUE_IN_EUROS&sinceTimePeriod=2023-07,2026-07-09T16:19:05Z
China,mirror_exports_nl_hs8486_eur,2024-01,390594714.0,EUR,EUR,1.0,https://ec.europa.eu/eurostat/api/comext/dissemination/statistics/1.0/data/DS-045409?format=JSON&freq=M&reporter=NL&partner=CN&product=8486&flow=2&indicators=VALUE_IN_EUROS&sinceTimePeriod=2023-07,2026-07-09T16:19:05Z
China,mirror_exports_nl_hs8486_eur,2024-02,443685711.0,EUR,EUR,1.0,https://ec.europa.eu/eurostat/api/comext/dissemination/statistics/1.0/data/DS-045409?format=JSON&freq=M&reporter=NL&partner=CN&product=8486&flow=2&indicators=VALUE_IN_EUROS&sinceTimePeriod=2023-07,2026-07-09T16:19:05Z
China,mirror_exports_nl_hs8486_eur,2024-03,1307499270.0,EUR,EUR,1.0,https://ec.europa.eu/eurostat/api/comext/dissemination/statistics/1.0/data/DS-045409?format=JSON&freq=M&reporter=NL&partner=CN&product=8486&flow=2&indicators=VALUE_IN_EUROS&sinceTimePeriod=2023-07,2026-07-09T16:19:05Z
China,mirror_exports_nl_hs8486_eur,2024-04,589240426.0,EUR,EUR,1.0,https://ec.europa.eu/eurostat/api/comext/dissemination/statistics/1.0/data/DS-045409?format=JSON&freq=M&reporter=NL&partner=CN&product=8486&flow=2&indicators=VALUE_IN_EUROS&sinceTimePeriod=2023-07,2026-07-09T16:19:05Z
China,mirror_exports_nl_hs8486_eur,2024-05,663200325.0,EUR,EUR,1.0,https://ec.europa.eu/eurostat/api/comext/dissemination/statistics/1.0/data/DS-045409?format=JSON&freq=M&reporter=NL&partner=CN&product=8486&flow=2&indicators=VALUE_IN_EUROS&sinceTimePeriod=2023-07,2026-07-09T16:19:05Z
China,mirror_exports_nl_hs8486_eur,2024-06,1063620389.0,EUR,EUR,1.0,https://ec.europa.eu/eurostat/api/comext/dissemination/statistics/1.0/data/DS-045409?format=JSON&freq=M&reporter=NL&partner=CN&product=8486&flow=2&indicators=VALUE_IN_EUROS&sinceTimePeriod=2023-07,2026-07-09T16:19:05Z
China,mirror_exports_nl_hs8486_eur,2024-07,943005971.0,EUR,EUR,1.0,https://ec.europa.eu/eurostat/api/comext/dissemination/statistics/1.0/data/DS-045409?format=JSON&freq=M&reporter=NL&partner=CN&product=8486&flow=2&indicators=VALUE_IN_EUROS&sinceTimePeriod=2023-07,2026-07-09T16:19:05Z
China,mirror_exports_nl_hs8486_eur,2024-08,511806752.0,EUR,EUR,1.0,https://ec.europa.eu/eurostat/api/comext/dissemination/statistics/1.0/data/DS-045409?format=JSON&freq=M&reporter=NL&partner=CN&product=8486&flow=2&indicators=VALUE_IN_EUROS&sinceTimePeriod=2023-07,2026-07-09T16:19:05Z
China,mirror_exports_nl_hs8486_eur,2024-09,1230706678.0,EUR,EUR,1.0,https://ec.europa.eu/eurostat/api/comext/dissemination/statistics/1.0/data/DS-045409?format=JSON&freq=M&reporter=NL&partner=CN&product=8486&flow=2&indicators=VALUE_IN_EUROS&sinceTimePeriod=2023-07,2026-07-09T16:19:05Z
China,mirror_exports_nl_hs8486_eur,2024-10,524216878.0,EUR,EUR,1.0,https://ec.europa.eu/eurostat/api/comext/dissemination/statistics/1.0/data/DS-045409?format=JSON&freq=M&reporter=NL&partner=CN&product=8486&flow=2&indicators=VALUE_IN_EUROS&sinceTimePeriod=2023-07,2026-07-09T16:19:05Z
China,mirror_exports_nl_hs8486_eur,2024-11,593869667.0,EUR,EUR,1.0,https://ec.europa.eu/eurostat/api/comext/dissemination/statistics/1.0/data/DS-045409?format=JSON&freq=M&reporter=NL&partner=CN&product=8486&flow=2&indicators=VALUE_IN_EUROS&sinceTimePeriod=2023-07,2026-07-09T16:19:05Z
China,mirror_exports_nl_hs8486_eur,2024-12,1030639478.0,EUR,EUR,1.0,https://ec.europa.eu/eurostat/api/comext/dissemination/statistics/1.0/data/DS-045409?format=JSON&freq=M&reporter=NL&partner=CN&product=8486&flow=2&indicators=VALUE_IN_EUROS&sinceTimePeriod=2023-07,2026-07-09T16:19:05Z
China,mirror_exports_nl_hs8486_eur,2025-01,367855069.0,EUR,EUR,1.0,https://ec.europa.eu/eurostat/api/comext/dissemination/statistics/1.0/data/DS-045409?format=JSON&freq=M&reporter=NL&partner=CN&product=8486&flow=2&indicators=VALUE_IN_EUROS&sinceTimePeriod=2023-07,2026-07-09T16:19:05Z
China,mirror_exports_nl_hs8486_eur,2025-02,697974518.0,EUR,EUR,1.0,https://ec.europa.eu/eurostat/api/comext/dissemination/statistics/1.0/data/DS-045409?format=JSON&freq=M&reporter=NL&partner=CN&product=8486&flow=2&indicators=VALUE_IN_EUROS&sinceTimePeriod=2023-07,2026-07-09T16:19:05Z
China,mirror_exports_nl_hs8486_eur,2025-03,468349732.0,EUR,EUR,1.0,https://ec.europa.eu/eurostat/api/comext/dissemination/statistics/1.0/data/DS-045409?format=JSON&freq=M&reporter=NL&partner=CN&product=8486&flow=2&indicators=VALUE_IN_EUROS&sinceTimePeriod=2023-07,2026-07-09T16:19:05Z
China,mirror_exports_nl_hs8486_eur,2025-04,282844100.0,EUR,EUR,1.0,https://ec.europa.eu/eurostat/api/comext/dissemination/statistics/1.0/data/DS-045409?format=JSON&freq=M&reporter=NL&partner=CN&product=8486&flow=2&indicators=VALUE_IN_EUROS&sinceTimePeriod=2023-07,2026-07-09T16:19:05Z
China,mirror_exports_nl_hs8486_eur,2025-05,485413171.0,EUR,EUR,1.0,https://ec.europa.eu/eurostat/api/comext/dissemination/statistics/1.0/data/DS-045409?format=JSON&freq=M&reporter=NL&partner=CN&product=8486&flow=2&indicators=VALUE_IN_EUROS&sinceTimePeriod=2023-07,2026-07-09T16:19:05Z
China,mirror_exports_nl_hs8486_eur,2025-06,669870848.0,EUR,EUR,1.0,https://ec.europa.eu/eurostat/api/comext/dissemination/statistics/1.0/data/DS-045409?format=JSON&freq=M&reporter=NL&partner=CN&product=8486&flow=2&indicators=VALUE_IN_EUROS&sinceTimePeriod=2023-07,2026-07-09T16:19:05Z
China,mirror_exports_nl_hs8486_eur,2025-07,578329925.0,EUR,EUR,1.0,https://ec.europa.eu/eurostat/api/comext/dissemination/statistics/1.0/data/DS-045409?format=JSON&freq=M&reporter=NL&partner=CN&product=8486&flow=2&indicators=VALUE_IN_EUROS&sinceTimePeriod=2023-07,2026-07-09T16:19:05Z
China,mirror_exports_nl_hs8486_eur,2025-08,470115403.0,EUR,EUR,1.0,https://ec.europa.eu/eurostat/api/comext/dissemination/statistics/1.0/data/DS-045409?format=JSON&freq=M&reporter=NL&partner=CN&product=8486&flow=2&indicators=VALUE_IN_EUROS&sinceTimePeriod=2023-07,2026-07-09T16:19:05Z
China,mirror_exports_nl_hs8486_eur,2025-09,1041667264.0,EUR,EUR,1.0,https://ec.europa.eu/eurostat/api/comext/dissemination/statistics/1.0/data/DS-045409?format=JSON&freq=M&reporter=NL&partner=CN&product=8486&flow=2&indicators=VALUE_IN_EUROS&sinceTimePeriod=2023-07,2026-07-09T16:19:05Z
China,mirror_exports_nl_hs8486_eur,2025-10,545873504.0,EUR,EUR,1.0,https://ec.europa.eu/eurostat/api/comext/dissemination/statistics/1.0/data/DS-045409?format=JSON&freq=M&reporter=NL&partner=CN&product=8486&flow=2&indicators=VALUE_IN_EUROS&sinceTimePeriod=2023-07,2026-07-09T16:19:05Z
China,mirror_exports_nl_hs8486_eur,2025-11,682210304.0,EUR,EUR,1.0,https://ec.europa.eu/eurostat/api/comext/dissemination/statistics/1.0/data/DS-045409?format=JSON&freq=M&reporter=NL&partner=CN&product=8486&flow=2&indicators=VALUE_IN_EUROS&sinceTimePeriod=2023-07,2026-07-09T16:19:05Z
China,mirror_exports_nl_hs8486_eur,2025-12,1398804387.0,EUR,EUR,1.0,https://ec.europa.eu/eurostat/api/comext/dissemination/statistics/1.0/data/DS-045409?format=JSON&freq=M&reporter=NL&partner=CN&product=8486&flow=2&indicators=VALUE_IN_EUROS&sinceTimePeriod=2023-07,2026-07-09T16:19:05Z
China,mirror_exports_nl_hs8486_eur,2026-01,30125241.0,EUR,EUR,1.0,https://ec.europa.eu/eurostat/api/comext/dissemination/statistics/1.0/data/DS-045409?format=JSON&freq=M&reporter=NL&partner=CN&product=8486&flow=2&indicators=VALUE_IN_EUROS&sinceTimePeriod=2023-07,2026-07-09T16:19:05Z
China,mirror_exports_nl_hs8486_eur,2026-02,314924103.0,EUR,EUR,1.0,https://ec.europa.eu/eurostat/api/comext/dissemination/statistics/1.0/data/DS-045409?format=JSON&freq=M&reporter=NL&partner=CN&product=8486&flow=2&indicators=VALUE_IN_EUROS&sinceTimePeriod=2023-07,2026-07-09T16:19:05Z
China,mirror_exports_nl_hs8486_eur,2026-03,399953605.0,EUR,EUR,1.0,https://ec.europa.eu/eurostat/api/comext/dissemination/statistics/1.0/data/DS-045409?format=JSON&freq=M&reporter=NL&partner=CN&product=8486&flow=2&indicators=VALUE_IN_EUROS&sinceTimePeriod=2023-07,2026-07-09T16:19:05Z
China,mirror_exports_nl_hs8486_eur,2026-04,61123357.0,EUR,EUR,1.0,https://ec.europa.eu/eurostat/api/comext/dissemination/statistics/1.0/data/DS-045409?format=JSON&freq=M&reporter=NL&partner=CN&product=8486&flow=2&indicators=VALUE_IN_EUROS&sinceTimePeriod=2023-07,2026-07-09T16:19:05Z
China,mirror_exports_nl_hs8542_eur,2023-07,47978143.0,EUR,EUR,1.0,https://ec.europa.eu/eurostat/api/comext/dissemination/statistics/1.0/data/DS-045409?format=JSON&freq=M&reporter=NL&partner=CN&product=8542&flow=2&indicators=VALUE_IN_EUROS&sinceTimePeriod=2023-07,2026-07-09T16:19:08Z
China,mirror_exports_nl_hs8542_eur,2023-08,73334661.0,EUR,EUR,1.0,https://ec.europa.eu/eurostat/api/comext/dissemination/statistics/1.0/data/DS-045409?format=JSON&freq=M&reporter=NL&partner=CN&product=8542&flow=2&indicators=VALUE_IN_EUROS&sinceTimePeriod=2023-07,2026-07-09T16:19:08Z
China,mirror_exports_nl_hs8542_eur,2023-09,98048937.0,EUR,EUR,1.0,https://ec.europa.eu/eurostat/api/comext/dissemination/statistics/1.0/data/DS-045409?format=JSON&freq=M&reporter=NL&partner=CN&product=8542&flow=2&indicators=VALUE_IN_EUROS&sinceTimePeriod=2023-07,2026-07-09T16:19:08Z
China,mirror_exports_nl_hs8542_eur,2023-10,66931801.0,EUR,EUR,1.0,https://ec.europa.eu/eurostat/api/comext/dissemination/statistics/1.0/data/DS-045409?format=JSON&freq=M&reporter=NL&partner=CN&product=8542&flow=2&indicators=VALUE_IN_EUROS&sinceTimePeriod=2023-07,2026-07-09T16:19:08Z
China,mirror_exports_nl_hs8542_eur,2023-11,69484201.0,EUR,EUR,1.0,https://ec.europa.eu/eurostat/api/comext/dissemination/statistics/1.0/data/DS-045409?format=JSON&freq=M&reporter=NL&partner=CN&product=8542&flow=2&indicators=VALUE_IN_EUROS&sinceTimePeriod=2023-07,2026-07-09T16:19:08Z
China,mirror_exports_nl_hs8542_eur,2023-12,132808154.0,EUR,EUR,1.0,https://ec.europa.eu/eurostat/api/comext/dissemination/statistics/1.0/data/DS-045409?format=JSON&freq=M&reporter=NL&partner=CN&product=8542&flow=2&indicators=VALUE_IN_EUROS&sinceTimePeriod=2023-07,2026-07-09T16:19:08Z
China,mirror_exports_nl_hs8542_eur,2024-01,41970779.0,EUR,EUR,1.0,https://ec.europa.eu/eurostat/api/comext/dissemination/statistics/1.0/data/DS-045409?format=JSON&freq=M&reporter=NL&partner=CN&product=8542&flow=2&indicators=VALUE_IN_EUROS&sinceTimePeriod=2023-07,2026-07-09T16:19:08Z
China,mirror_exports_nl_hs8542_eur,2024-02,44780520.0,EUR,EUR,1.0,https://ec.europa.eu/eurostat/api/comext/dissemination/statistics/1.0/data/DS-045409?format=JSON&freq=M&reporter=NL&partner=CN&product=8542&flow=2&indicators=VALUE_IN_EUROS&sinceTimePeriod=2023-07,2026-07-09T16:19:08Z
China,mirror_exports_nl_hs8542_eur,2024-03,63249140.0,EUR,EUR,1.0,https://ec.europa.eu/eurostat/api/comext/dissemination/statistics/1.0/data/DS-045409?format=JSON&freq=M&reporter=NL&partner=CN&product=8542&flow=2&indicators=VALUE_IN_EUROS&sinceTimePeriod=2023-07,2026-07-09T16:19:08Z
China,mirror_exports_nl_hs8542_eur,2024-04,55124619.0,EUR,EUR,1.0,https://ec.europa.eu/eurostat/api/comext/dissemination/statistics/1.0/data/DS-045409?format=JSON&freq=M&reporter=NL&partner=CN&product=8542&flow=2&indicators=VALUE_IN_EUROS&sinceTimePeriod=2023-07,2026-07-09T16:19:08Z
China,mirror_exports_nl_hs8542_eur,2024-05,57809719.0,EUR,EUR,1.0,https://ec.europa.eu/eurostat/api/comext/dissemination/statistics/1.0/data/DS-045409?format=JSON&freq=M&reporter=NL&partner=CN&product=8542&flow=2&indicators=VALUE_IN_EUROS&sinceTimePeriod=2023-07,2026-07-09T16:19:08Z
China,mirror_exports_nl_hs8542_eur,2024-06,45155919.0,EUR,EUR,1.0,https://ec.europa.eu/eurostat/api/comext/dissemination/statistics/1.0/data/DS-045409?format=JSON&freq=M&reporter=NL&partner=CN&product=8542&flow=2&indicators=VALUE_IN_EUROS&sinceTimePeriod=2023-07,2026-07-09T16:19:08Z
China,mirror_exports_nl_hs8542_eur,2024-07,54114006.0,EUR,EUR,1.0,https://ec.europa.eu/eurostat/api/comext/dissemination/statistics/1.0/data/DS-045409?format=JSON&freq=M&reporter=NL&partner=CN&product=8542&flow=2&indicators=VALUE_IN_EUROS&sinceTimePeriod=2023-07,2026-07-09T16:19:08Z
China,mirror_exports_nl_hs8542_eur,2024-08,49066534.0,EUR,EUR,1.0,https://ec.europa.eu/eurostat/api/comext/dissemination/statistics/1.0/data/DS-045409?format=JSON&freq=M&reporter=NL&partner=CN&product=8542&flow=2&indicators=VALUE_IN_EUROS&sinceTimePeriod=2023-07,2026-07-09T16:19:08Z
China,mirror_exports_nl_hs8542_eur,2024-09,49772938.0,EUR,EUR,1.0,https://ec.europa.eu/eurostat/api/comext/dissemination/statistics/1.0/data/DS-045409?format=JSON&freq=M&reporter=NL&partner=CN&product=8542&flow=2&indicators=VALUE_IN_EUROS&sinceTimePeriod=2023-07,2026-07-09T16:19:08Z
China,mirror_exports_nl_hs8542_eur,2024-10,61063569.0,EUR,EUR,1.0,https://ec.europa.eu/eurostat/api/comext/dissemination/statistics/1.0/data/DS-045409?format=JSON&freq=M&reporter=NL&partner=CN&product=8542&flow=2&indicators=VALUE_IN_EUROS&sinceTimePeriod=2023-07,2026-07-09T16:19:08Z
China,mirror_exports_nl_hs8542_eur,2024-11,60191248.0,EUR,EUR,1.0,https://ec.europa.eu/eurostat/api/comext/dissemination/statistics/1.0/data/DS-045409?format=JSON&freq=M&reporter=NL&partner=CN&product=8542&flow=2&indicators=VALUE_IN_EUROS&sinceTimePeriod=2023-07,2026-07-09T16:19:08Z
China,mirror_exports_nl_hs8542_eur,2024-12,62527178.0,EUR,EUR,1.0,https://ec.europa.eu/eurostat/api/comext/dissemination/statistics/1.0/data/DS-045409?format=JSON&freq=M&reporter=NL&partner=CN&product=8542&flow=2&indicators=VALUE_IN_EUROS&sinceTimePeriod=2023-07,2026-07-09T16:19:08Z
China,mirror_exports_nl_hs8542_eur,2025-01,47302582.0,EUR,EUR,1.0,https://ec.europa.eu/eurostat/api/comext/dissemination/statistics/1.0/data/DS-045409?format=JSON&freq=M&reporter=NL&partner=CN&product=8542&flow=2&indicators=VALUE_IN_EUROS&sinceTimePeriod=2023-07,2026-07-09T16:19:08Z
China,mirror_exports_nl_hs8542_eur,2025-02,49127621.0,EUR,EUR,1.0,https://ec.europa.eu/eurostat/api/comext/dissemination/statistics/1.0/data/DS-045409?format=JSON&freq=M&reporter=NL&partner=CN&product=8542&flow=2&indicators=VALUE_IN_EUROS&sinceTimePeriod=2023-07,2026-07-09T16:19:08Z
China,mirror_exports_nl_hs8542_eur,2025-03,42221287.0,EUR,EUR,1.0,https://ec.europa.eu/eurostat/api/comext/dissemination/statistics/1.0/data/DS-045409?format=JSON&freq=M&reporter=NL&partner=CN&product=8542&flow=2&indicators=VALUE_IN_EUROS&sinceTimePeriod=2023-07,2026-07-09T16:19:08Z
China,mirror_exports_nl_hs8542_eur,2025-04,47456465.0,EUR,EUR,1.0,https://ec.europa.eu/eurostat/api/comext/dissemination/statistics/1.0/data/DS-045409?format=JSON&freq=M&reporter=NL&partner=CN&product=8542&flow=2&indicators=VALUE_IN_EUROS&sinceTimePeriod=2023-07,2026-07-09T16:19:08Z
China,mirror_exports_nl_hs8542_eur,2025-05,55086640.0,EUR,EUR,1.0,https://ec.europa.eu/eurostat/api/comext/dissemination/statistics/1.0/data/DS-045409?format=JSON&freq=M&reporter=NL&partner=CN&product=8542&flow=2&indicators=VALUE_IN_EUROS&sinceTimePeriod=2023-07,2026-07-09T16:19:08Z
China,mirror_exports_nl_hs8542_eur,2025-06,53753094.0,EUR,EUR,1.0,https://ec.europa.eu/eurostat/api/comext/dissemination/statistics/1.0/data/DS-045409?format=JSON&freq=M&reporter=NL&partner=CN&product=8542&flow=2&indicators=VALUE_IN_EUROS&sinceTimePeriod=2023-07,2026-07-09T16:19:08Z
China,mirror_exports_nl_hs8542_eur,2025-07,59142445.0,EUR,EUR,1.0,https://ec.europa.eu/eurostat/api/comext/dissemination/statistics/1.0/data/DS-045409?format=JSON&freq=M&reporter=NL&partner=CN&product=8542&flow=2&indicators=VALUE_IN_EUROS&sinceTimePeriod=2023-07,2026-07-09T16:19:08Z
China,mirror_exports_nl_hs8542_eur,2025-08,47140113.0,EUR,EUR,1.0,https://ec.europa.eu/eurostat/api/comext/dissemination/statistics/1.0/data/DS-045409?format=JSON&freq=M&reporter=NL&partner=CN&product=8542&flow=2&indicators=VALUE_IN_EUROS&sinceTimePeriod=2023-07,2026-07-09T16:19:08Z
China,mirror_exports_nl_hs8542_eur,2025-09,47896391.0,EUR,EUR,1.0,https://ec.europa.eu/eurostat/api/comext/dissemination/statistics/1.0/data/DS-045409?format=JSON&freq=M&reporter=NL&partner=CN&product=8542&flow=2&indicators=VALUE_IN_EUROS&sinceTimePeriod=2023-07,2026-07-09T16:19:08Z
China,mirror_exports_nl_hs8542_eur,2025-10,51524647.0,EUR,EUR,1.0,https://ec.europa.eu/eurostat/api/comext/dissemination/statistics/1.0/data/DS-045409?format=JSON&freq=M&reporter=NL&partner=CN&product=8542&flow=2&indicators=VALUE_IN_EUROS&sinceTimePeriod=2023-07,2026-07-09T16:19:08Z
China,mirror_exports_nl_hs8542_eur,2025-11,49356976.0,EUR,EUR,1.0,https://ec.europa.eu/eurostat/api/comext/dissemination/statistics/1.0/data/DS-045409?format=JSON&freq=M&reporter=NL&partner=CN&product=8542&flow=2&indicators=VALUE_IN_EUROS&sinceTimePeriod=2023-07,2026-07-09T16:19:08Z
China,mirror_exports_nl_hs8542_eur,2025-12,55511509.0,EUR,EUR,1.0,https://ec.europa.eu/eurostat/api/comext/dissemination/statistics/1.0/data/DS-045409?format=JSON&freq=M&reporter=NL&partner=CN&product=8542&flow=2&indicators=VALUE_IN_EUROS&sinceTimePeriod=2023-07,2026-07-09T16:19:08Z
China,mirror_exports_nl_hs8542_eur,2026-01,55736739.0,EUR,EUR,1.0,https://ec.europa.eu/eurostat/api/comext/dissemination/statistics/1.0/data/DS-045409?format=JSON&freq=M&reporter=NL&partner=CN&product=8542&flow=2&indicators=VALUE_IN_EUROS&sinceTimePeriod=2023-07,2026-07-09T16:19:08Z
China,mirror_exports_nl_hs8542_eur,2026-02,38318537.0,EUR,EUR,1.0,https://ec.europa.eu/eurostat/api/comext/dissemination/statistics/1.0/data/DS-045409?format=JSON&freq=M&reporter=NL&partner=CN&product=8542&flow=2&indicators=VALUE_IN_EUROS&sinceTimePeriod=2023-07,2026-07-09T16:19:08Z
China,mirror_exports_nl_hs8542_eur,2026-03,68436810.0,EUR,EUR,1.0,https://ec.europa.eu/eurostat/api/comext/dissemination/statistics/1.0/data/DS-045409?format=JSON&freq=M&reporter=NL&partner=CN&product=8542&flow=2&indicators=VALUE_IN_EUROS&sinceTimePeriod=2023-07,2026-07-09T16:19:08Z
China,mirror_exports_nl_hs8542_eur,2026-04,72082219.0,EUR,EUR,1.0,https://ec.europa.eu/eurostat/api/comext/dissemination/statistics/1.0/data/DS-045409?format=JSON&freq=M&reporter=NL&partner=CN&product=8542&flow=2&indicators=VALUE_IN_EUROS&sinceTimePeriod=2023-07,2026-07-09T16:19:08Z
